KLD_train_loss_A,KLD_train_loss_B,OT_train_loss,classification_train_loss,AUROC_val,AUPRC_val,accuracy_val,KLD_val_loss_A,KLD_val_loss_B,OT_val_loss,classification_val_loss,fold_num,epoch_num
279.19749654134114,285.81907958984374,5.219417667388916,0.7232549309730529,0.5166240409207161,0.6105598887160617,0.575,279.19749654134114,285.81907958984374,5.219417667388916,0.7232549309730529,0,0
261.6949788411458,256.7260050455729,4.942899926503499,0.7135234594345092,0.5343915343915344,0.5634663650463501,0.55,261.6949788411458,256.7260050455729,4.942899926503499,0.7135234594345092,1,1
244.07220153808595,244.60881856282552,4.736174869537353,0.7042331695556641,0.44500561167227837,0.426880219803228,0.4583333333333333,244.07220153808595,244.60881856282552,4.736174869537353,0.7042331695556641,2,2
234.2072530110677,227.87377014160157,4.604704666137695,0.7109008630116781,0.6087319243604005,0.6929259439989328,0.5666666666666667,234.2072530110677,227.87377014160157,4.604704666137695,0.7109008630116781,3,3
219.658550008138,215.58460591634113,4.387594922383626,0.7070907711982727,0.5228031145717463,0.5943050766173663,0.525,219.658550008138,215.58460591634113,4.387594922383626,0.7070907711982727,4,4
